Case1.X,Case1.Y,Case2.X,Case2.Y,Case3.X,Case3.Y,Case4.X,Case4.Y
0.583996265,4.019963283,0.922241739,1.577069136,0.149469868,0.967645788,-0.860473885,1.094304211
0.666706331,4.102195437,0.865607066,2.805232242,-0.571150225,0.737349799,0.974059728,0.93801825
-0.337643241,-1.282987638,-0.099870644,-0.279914047,-0.107832317,0.885486462,0.357061687,0.642232342
-0.202576537,0.287400495,0.116120372,0.240601704,0.579736072,1.137646333,1.56899935,1.443225613
0.23739597,3.27809461,0.465387912,1.796933887,-0.325539379,0.977873639,-1.925321595,0.84321505
-0.047641798,1.36291277,-1.033361805,1.358050585,-0.181875893,1.071181114,2.589055003,1.208404577
0.212802246,0.123650443,0.063182279,0.611752376,0.701164057,1.336522317,1.18172093,1.110127243
0.015862322,-0.15378556,-1.502061602,0.35270838,0.110588494,1.131320272,1.301570573,0.816928227
0.321065717,5.663361718,-0.24844314,2.332144805,0.49612461,1.165456816,-1.260893859,0.679810337
-0.111864043,-3.354342532,-0.606246099,-1.111154043,-0.196961717,0.97561644,-0.102031814,0.964480718
0.33768818,-0.456370154,0.76237616,2.835800076,1.20733608,1.842719406,1.204192411,1.418940359
0.531143291,-1.994835682,-0.618145033,0.279623988,0.113537922,0.898297384,0.825847394,1.065849517
0.945222639,3.182396195,0.205586502,1.146767538,-0.515011914,1.355662512,0.32205926,1.282633947
0.008705318,-0.599667004,-0.0748692,1.054092892,0.218506259,0.930882304,0.032961151,1.059270782
0.195202094,-1.834834735,-1.65695018,0.204909864,-0.589948179,1.10966,0.460492027,0.932449129
-0.087972815,2.803650359,0.043484784,0.651952203,-0.490236401,0.946799344,0.94371378,0.750632342
-0.37329673,3.010916306,0.749727939,0.903695074,0.545880455,1.59827841,-0.883607808,1.259439407
-0.203961812,2.683779912,-0.374644045,1.305861609,-0.548639823,0.790115902,-0.096958205,1.158813435
0.173443703,2.038927734,-0.922561853,1.425503378,0.468921474,1.434690009,-0.854421519,0.943559374
-0.46627998,0.010256232,1.053056105,0.544285861,-0.441548926,0.862399612,-1.353126029,1.165894726
-0.391399187,3.271294281,-0.381211318,-0.019133424,-0.241860563,0.949481323,-0.795521356,1.408301273
-0.140433869,1.293122972,-0.457689632,1.311583461,-0.197392549,0.750634336,0.522699469,0.878353222
0.043762378,0.330203054,-0.286726836,-0.218854884,-0.00990676,1.332086685,-0.32054762,0.966931228
0.137279573,4.316318379,-0.378031126,0.96118425,-0.112583931,0.662125307,-0.980621202,1.045445112
-0.953978008,1.908317575,0.066538602,0.754254946,0.34811609,1.472792987,1.320113354,1.233525285
-0.130584374,0.398582695,-0.119511953,0.503575231,0.834295073,1.12957098,-2.552830986,1.017732038
-0.143868527,2.407173264,0.788497108,0.831369581,-0.502776943,1.596423124,-0.192968973,0.767487905
-0.211774936,1.630422868,-1.272837392,-0.375979835,0.199198819,1.737641114,-1.706620188,0.579108924
-0.169730462,2.582195951,-0.207370265,0.383717728,0.711225277,1.359942622,0.7176794,1.131184455
-0.157454891,1.667770621,0.025098524,1.917997203,-0.502838183,1.179706292,-1.374809964,0.755153154
0.361673785,4.81159817,0.970686184,1.631768851,-0.093146867,0.758450909,0.223120014,1.053002206
-0.248225012,-1.984429506,-0.586409824,1.353247075,0.337889151,1.287043568,0.986733569,0.753742604
0.382483858,1.432743669,0.912479739,1.814722301,-0.077571882,0.814758931,1.139813725,1.561732478
-0.683718747,-1.917331275,-0.412421144,-0.759774299,0.411336843,0.707761984,-1.528278282,0.577622352
-0.359432094,-0.530785893,-0.402944395,0.791862625,-0.376268852,0.944166451,0.788270012,0.890237889
0.281600541,0.493375226,-0.304958565,0.638304311,-0.056869517,1.087536232,-0.761017313,1.051547703
0.247982373,3.597396238,0.050880452,0.420522042,-0.013824905,1.163624489,1.630108871,1.027018131
-0.343096061,-3.399526398,0.386299245,2.004670024,0.691755255,1.817471408,-0.857203309,0.911277093
0.494673953,0.126383645,0.675546133,1.158427345,0.017630355,0.799664141,-0.1881736,1.046815207
-0.179322567,1.028127751,1.288650524,1.90190586,0.409290758,1.193381949,-1.576551917,0.650269105
0.079726538,1.213221617,0.199306657,0.427853266,0.003464855,1.919045184,-0.731224478,0.652241749
0.041421999,-0.006315079,0.817799844,1.479504971,0.931909177,1.290592463,1.590795098,1.044368307
0.132593374,4.660099873,0.778237762,3.138686894,-0.247426819,1.395146513,0.001380232,0.655442933
0.303396234,-3.466139579,-0.463954716,0.798640307,-0.272753378,0.722250332,0.373323702,0.757061727
-0.278252047,0.305115395,-0.180028476,1.076443851,0.43076088,0.8961371,-0.264598008,0.967359948
-0.41404364,0.510163968,-1.450286912,-0.021628644,-0.858410507,0.27362183,-1.049270846,1.223433351
-0.190626784,0.209924833,0.509863426,2.316871735,0.114852272,0.92095172,0.165922433,1.105584348
-0.059491473,5.591459216,-0.294021123,0.057635115,0.2564447,0.747751387,0.671392929,1.353187289
0.216115372,3.79356766,-0.28984641,-0.13939658,0.722392873,1.162290481,-1.125537246,1.118082312
-0.009368305,1.780203095,0.060947795,-0.552490962,0.847000323,1.156655483,-0.523700136,0.817711975
0.492313717,5.112785029,0.823120042,1.465229657,0.381379309,1.166098416,1.585802635,0.730984245
0.376850344,-3.23664394,0.538895443,0.470999422,0.223077062,1.392490104,0.589008222,0.785342539
-0.12111953,1.79591074,-0.019574539,0.322373908,-0.068917349,0.805961295,-0.278648054,0.748305282
0.566877466,6.245337642,0.946503003,1.698003294,0.075297757,0.635020894,2.599158887,1.651699315
-0.358657651,1.39923512,-0.526864479,1.658525306,0.384173658,1.006476606,-1.029862874,1.238709972
0.023508261,3.138778282,-0.675909127,0.623951519,-0.415795578,0.826093292,0.537471715,0.683696535
0.19991881,3.124227428,-2.116015072,-0.009824152,0.225007361,1.006083857,-0.108886815,1.070971631
0.138438152,1.046491925,-0.138942165,0.739722067,0.733369657,1.180463354,0.082217997,0.967777968
-0.047323032,0.469296859,-0.168620293,0.473361237,-0.114960461,1.238501105,0.309327119,1.27808908
0.073141992,1.021580994,-0.727760001,2.680979983,-0.353208034,1.427345887,0.560513704,1.519859573
0.408572955,1.436484355,1.279886578,1.134901479,0.239844482,1.140071885,2.104012525,1.124999309
-0.243938807,1.04959446,-0.366254995,-0.281684203,-0.246064644,1.037575337,0.561109873,1.236322211
-0.060430377,1.894657199,-1.230610244,-0.561748143,-0.154163338,1.106994898,-0.374712264,1.03336351
0.040514036,4.390593271,0.708670914,2.364292136,0.310824673,1.248867549,-0.217958956,0.908290684
-0.425229854,-0.009085697,0.080326955,0.099656024,-0.259188393,0.282430938,-0.706210416,1.020220368
-0.064857976,-1.158777362,-1.064642466,-0.078849844,-0.297610673,1.170264395,0.624477315,1.079060387
0.327575646,1.41309111,-0.901694482,1.085629272,-0.556808661,1.187606063,-0.409194345,0.945978648
0.512187303,-0.173692074,-0.140811997,1.343769428,0.415178471,1.159994484,-0.536819406,0.643690964
0.044149067,4.925643655,0.594585366,0.641613712,-0.148826112,0.784367585,-0.031199337,1.083835923
-0.81900228,-0.191959149,0.163214884,0.802551214,0.074039598,0.328883569,-0.2516086,1.179843159
-0.343546975,2.799886664,0.149793745,1.321471871,0.711873287,1.291806372,0.940569207,0.898379534
0.032764575,-0.333898205,0.266914724,0.441250202,0.12620637,0.742338412,0.980001895,1.022298838
-0.094846658,0.357388298,0.1955508,1.014901987,-0.461753743,0.917480522,-1.021899344,1.300069321
-0.126701254,2.179034776,-0.637602403,-0.392014127,0.876200394,0.877665194,-0.88381447,1.250353514
0.350563235,3.296967805,-0.4049931,-0.111550704,0.382273543,0.773230207,0.635965034,0.598738182
0.107063596,0.528706993,0.238520637,1.97699949,-0.686887867,1.219455757,2.339668374,1.454667103
-0.457097909,1.982430434,-0.589303258,0.083144766,0.146286462,0.906755076,1.777999878,0.94026086
-0.082767166,-1.92517798,-0.597416301,1.034163704,0.573107282,1.473426881,0.499594313,1.265001677
-0.175277516,1.893966972,-0.653707958,-0.036017548,-0.798696555,0.817368885,0.024694424,1.074887299
0.413956106,2.731438747,-0.681613084,1.061289396,0.027786166,0.970340656,0.924472428,1.349770123
-0.228678842,0.897719676,0.550173374,1.319846088,0.250577901,1.05484863,-0.972098688,1.218112902
-0.024970507,3.330028054,-0.940230403,0.857827632,0.094916204,1.277988344,1.862345596,1.178278258
0.211150968,4.826515181,-0.640511482,1.308749684,-0.204876625,0.897709838,-0.273086512,1.242734574
-0.438088025,-1.532230208,0.466200006,1.790491828,-0.171458319,1.037375034,0.312981912,0.633783929
0.001804429,0.021804622,-0.407429628,0.480698383,-0.455695552,1.531129878,1.113086242,1.316329709
0.423597356,0.509985696,-0.627260945,1.878258789,-0.181977638,0.96487603,1.897541283,0.958044519
-0.035875805,3.136702367,0.382188062,1.306658892,-0.096567632,1.568397833,0.886085405,1.145531842
0.508192684,-0.161173047,-1.035358034,0.499045383,-0.504573471,1.577312562,0.816513192,0.968644892
0.290416365,1.298642825,-0.949876802,0.165347893,0.088988199,1.369737897,-0.9606687,0.814762723
0.211768826,-1.382700121,0.831776229,0.986151804,0.156948488,1.115897896,-1.528816023,0.664866558
0.567840024,-0.062467049,0.52437309,1.245734814,0.697563728,0.989482517,2.124068987,1.151099252
-0.129956931,0.698747179,-0.51141514,0.623609334,0.06981888,0.951428874,0.533661862,0.678270452
0.470764675,3.054502292,0.507128189,1.442543637,-0.257375495,1.198712641,1.737271766,1.804354779
0.13438954,3.767527538,0.304402255,0.755337239,0.638569367,0.812624859,-0.797429749,0.728973302
-0.5441669,-1.638225732,0.091572663,1.101458384,-0.565801592,1.038755652,-0.139001597,0.864091347
-0.169708962,-0.749870236,-0.180721092,1.777364207,0.336117641,1.260926501,1.460638643,1.170134583
-0.059016271,2.754342177,0.733951354,1.041993509,-0.950978146,0.528593723,-0.729771497,0.98735201
0.746282856,3.486467263,-0.787239028,-0.71409237,0.181687366,1.313428759,0.650785617,0.953118216
-0.203086512,4.233954595,-0.033417734,1.379935646,0.473273719,1.094896792,-0.316570609,0.952335973
-0.315537044,-0.670744063,1.13762932,1.294375088,0.049127174,1.284626683,1.064897487,1.199054838
0.349437639,-3.316313955,-0.132009579,0.285011614,0.069974733,1.017586261,0.420875001,1.251414548
-0.521477183,2.2272931,-0.56769382,2.439759176,-0.316731604,1.107473838,-0.870396735,0.826534469
-0.0029402,0.170817024,-0.925851402,0.928114451,-0.244721033,1.306930085,1.647335681,1.303678924
-0.181131228,0.703534655,-0.567768193,1.143254923,-1.404177423,0.965175846,1.551392097,1.477230556
0.092307364,-0.013466518,-0.637816144,0.762300922,0.153133989,0.752827291,-2.104431913,0.820810082
0.050044103,0.309932394,-0.027263334,1.16835576,0.140302762,0.621369609,1.926750947,1.27126883
-0.003673072,1.065683017,-0.305159198,1.115426383,0.122097722,1.13057055,-0.292257319,0.807411647
-0.355002828,-4.315146027,0.265843378,1.880675161,-0.026910968,0.81966934,0.434187323,0.934659806
-0.618286392,-7.324494931,0.059598811,-0.466273572,0.352784675,0.588632953,0.638952523,1.123365596
-0.112665495,3.441924348,0.54788019,1.931989824,0.169034503,0.924997948,-0.289248996,0.848905714
0.017629788,2.894595048,0.237710098,0.370473764,-0.53565581,1.344888586,1.629654103,0.864961042
-0.017896868,6.487766511,0.176573955,1.506238033,0.559413251,1.29784637,0.919418996,0.903372043
-0.190398651,0.470192375,-0.143802133,-0.621293456,0.087328653,0.687658055,1.254605848,1.283688696
-0.441652506,4.855047964,0.122514782,0.643623899,-0.163993217,0.538428691,-0.657839476,1.044931713
-0.307644934,-0.607501614,0.03151887,1.798131445,0.29954169,0.860545046,-1.368955437,0.922250309
-0.575309019,0.855622449,-0.109032324,1.176395249,-0.550545822,0.993238143,1.53738751,1.054799923
0.154765035,0.385307489,0.21573366,1.428121078,-0.007620446,0.97853848,-2.083295852,1.058254764
0.009709013,-2.783350837,-0.632251148,-0.52282814,0.096254605,1.034347558,0.740659319,0.941477875
0.232715117,5.615043364,-0.245227022,0.582368712,0.041910471,1.446500757,0.466640208,0.797745007
0.099298593,0.755978679,0.341439052,2.753784048,-0.331040325,0.807817373,-1.408319101,1.038824086
0.330635836,3.324246447,-0.084414569,1.055311729,-0.410823245,0.86072716,-1.265506507,1.116369071
0.263164903,4.178078415,0.468511344,0.314035601,-0.761367335,1.094799928,-1.719952118,0.778491648
0.235600073,0.527738121,0.391773999,1.214095089,0.177510198,0.500038699,-1.349462178,1.052785826
0.092649297,-0.701532412,0.066573712,0.843134222,-0.015428256,1.0733265,0.474051789,1.303694358
-0.205222391,-5.622122675,0.869490426,1.279783016,-0.418628256,1.45585311,-0.177844468,1.058072411
0.387375175,6.774674252,-1.583817368,0.440350582,-0.315990703,1.218182031,-0.826605811,1.322294479
-0.177268914,-2.2662303,0.363775424,0.901562042,0.494655177,1.531130318,-1.269010075,0.830888067
-0.0779877,4.379827059,-1.476187359,0.671283737,0.708038404,1.418274496,0.128318946,1.107476979
0.112510124,3.957205117,0.142881663,0.296373305,0.495338597,1.169166173,-0.778523724,1.324966896
-0.155149213,3.470774533,-1.295938224,1.191547274,0.060795743,0.87043227,-0.198671702,0.880505551
0.577645042,-0.582297442,-1.097648604,2.391979235,0.311111037,1.009522848,-0.241579794,1.05579126
-0.261051538,0.377612048,-0.516612186,0.816751672,-0.501088951,1.018829694,1.03583764,1.140421507
0.196989105,4.596137244,-0.090058417,1.480383066,-0.588913062,0.933555461,0.272843581,1.144068202
0.468731301,2.458906783,1.307561565,2.220656813,-0.755494188,0.61877373,-2.278542416,0.567144692
-0.131061068,-0.48305326,-1.93505913,0.654512542,0.161534186,0.482054438,0.440851311,0.981409719
0.007796929,1.597550159,-0.03183002,-0.373776645,0.647550215,0.833320982,1.186121011,1.006346096
-0.152336457,-3.164848153,0.036161608,1.54715985,0.575522495,1.314168203,0.236467496,1.055800018
-0.49164985,6.526188072,0.068413637,-0.284815551,-0.597617139,1.170721027,0.383159238,0.891025938
-0.395831546,0.502831082,-0.171928037,0.225313379,0.266631196,0.840632528,0.052866961,0.938789191
-0.303784476,0.118381408,-0.328680254,2.349577362,-0.730411789,0.572294192,-2.089797784,1.085965647
0.113050099,0.572166974,-0.345857338,0.812837529,-0.126394014,1.31359619,0.521096639,0.980165082
0.019786659,-0.774483035,1.52693856,1.756394345,-0.097880045,0.583396712,-2.196121904,0.890754728
0.113519161,4.711612793,0.864498014,2.354360196,-0.128948472,0.915970193,-0.049074863,0.913712786
0.103639428,1.98820592,0.467014875,0.776139792,0.327008311,1.465847378,0.532398959,1.417558177
-0.287312935,5.978090037,0.91907769,1.246441307,0.518053895,1.59261741,0.255053679,0.938891941
-0.256768416,4.401548075,0.699597779,3.199753175,-0.411279717,0.809833478,-1.214588502,0.962848044
0.087960826,3.39467898,0.47564506,0.47511494,0.549378622,1.222514922,1.610928383,1.238830274
0.147124541,1.306640959,-0.735145351,-1.323202481,0.429848597,1.103864387,0.43653177,1.202946025
-0.020621926,0.930075121,1.616965674,2.580428479,-0.16098684,0.826890615,-0.716591581,1.102963872
0.111440422,1.758903284,0.447189803,0.393000313,0.197758172,1.518336975,-0.765578033,1.00664735
0.466812716,0.858898129,0.862630542,2.210345367,0.259553241,1.173862915,-1.007426093,0.866299715
-0.344353373,0.602554177,0.598730747,-0.236092333,-0.065314865,1.386581062,1.394669133,1.21303517
0.532086619,4.633943772,-0.170040219,0.169605943,-0.06392549,0.545289179,0.132458409,1.073680973
0.716567742,2.992821694,-1.373188856,2.256347822,-0.303818399,0.63196677,1.491721331,1.054804875
0.04012794,4.634904014,-0.681649239,1.388757484,-0.224204912,0.788789443,-0.006586598,0.943853578
0.264204009,0.350715505,0.011293191,0.65204454,-0.025849565,1.013505758,-0.093539769,1.074710447
0.282200312,8.491427232,0.20879062,1.195759243,-0.162425137,1.385164423,-1.238601272,1.052376016
-0.213557904,1.784518473,0.906896148,0.6102546,-0.404611944,0.695574917,-2.447493827,0.819540793
1.004574469,4.973426495,1.617644689,1.407759682,-0.580820114,0.983911797,-1.524418353,0.806358293
0.081506145,-0.254492966,1.249741237,1.41705095,0.829223163,1.198176845,-0.829657894,0.508125201
-0.157718374,-1.663953376,-0.068061627,0.277652793,-0.214008967,0.63980788,0.363412742,0.684374486
0.276673762,0.61305746,0.921616243,-0.931971974,0.221271516,1.374047331,-2.158204303,0.947118913
-0.64318667,1.621566753,0.241394465,0.706668623,0.29762477,1.62784666,-1.405045497,1.020193307
0.637698848,2.950350244,-0.26481342,1.584464809,-0.653656164,0.147059883,0.067077752,0.958797166
-0.241583083,-1.76788886,0.804616374,0.362698258,-0.743746156,0.515887321,0.593476932,1.32693787
0.157798117,3.472813589,-0.123090899,1.709773398,0.422872611,1.065352147,1.32751053,1.296223981
-0.050775242,1.554514492,0.230617136,1.578120465,0.251034242,1.105552758,1.937609171,1.168250794
-0.344914769,2.465697656,-0.284176668,0.395562735,-0.241007087,0.458574759,-1.63242442,0.619859955
-0.091487905,-0.28951219,0.030888552,1.285508741,0.035036071,1.203047061,1.260589604,1.398475212
-0.128487483,0.763086579,-0.733069297,-0.079796906,-0.789157252,0.776284461,0.370652935,0.934679129
-0.222722525,1.280983825,0.411065677,0.114054257,0.400877669,1.56933278,1.515090921,1.436808836
0.071076658,7.175797517,-1.347137125,0.33933558,-0.567292181,0.685503209,0.955075227,1.298090575
-0.071910731,-0.445297013,0.058735763,1.291785437,-0.4686944,1.211245023,1.475356618,1.647681906
-0.229652513,-1.18593679,-0.152640809,0.974489979,0.033323381,0.832510016,-0.27426363,0.902108839
0.213486912,0.923213168,-1.178951683,0.175764623,-0.38631283,1.034353912,-0.467962552,1.291419145
0.225136246,2.996141799,0.377822417,-0.050805279,0.281412643,1.322641982,-0.910156771,0.860148251
-0.181000558,3.733940537,-0.714001184,0.077753748,-0.247407114,0.447837994,-1.194482125,0.69174209
0.027977489,-1.494074378,0.286973233,0.750423741,0.252500988,1.235548192,-0.08314228,0.600698398
0.243518215,4.139232897,0.439620707,2.015173459,0.050122051,0.840070058,-1.448650656,0.602639674
-0.048385118,-0.538490995,0.728947009,0.419284375,-0.324471383,0.944326035,-0.527345255,1.099985693
-0.146209471,7.185971687,0.88606034,2.158767465,0.557172727,1.260424217,-0.165557146,1.029741666
0.149253983,5.946021986,1.114824434,1.956418944,0.582283608,0.836477877,-1.141608188,0.400443979
-0.035674722,-1.83549832,-1.199528964,1.703571253,-0.046398935,0.877698946,0.94770755,1.194354338
0.47500191,2.381591972,-0.443819268,0.107027098,0.208302517,1.383304598,0.849647459,1.201976607
-0.034982366,-4.273489555,-0.590969357,1.661369103,-0.618444159,0.990844314,-0.371894662,0.873684918
0.070254792,1.489990763,-1.819323626,0.711278305,0.907355657,0.752949517,-1.638611301,0.835454966
0.441691544,5.270232364,0.864399046,1.517329429,-0.257470092,0.963192513,1.632146881,1.30360189
-0.229415529,-2.381443291,-0.276990308,1.428707093,-0.053534244,1.077689003,0.188303299,0.990435009
-0.300482014,-0.571081661,-1.642194739,0.257072763,0.133158536,1.422339573,-0.063947607,1.084359118
-0.658633966,-2.161042538,1.061926535,1.858507111,-0.264445119,0.548585795,-1.559695583,0.845250338
0.086107915,2.000100174,-0.490204256,1.457116442,0.415263619,0.912249725,-0.961018873,0.606619351
0.600692612,5.707084908,0.369257114,1.137757904,0.125133938,0.859456809,-0.214136327,0.954759769
0.25975137,2.922298405,-0.371581387,1.472448536,0.179947917,0.739910857,-0.784397975,1.062880133
-0.432117714,4.680176115,-0.240781307,1.303337588,0.925224392,1.213183433,-0.83938794,0.7655465
-0.347282164,-0.476407667,0.652854343,1.00559416,-0.002910327,0.917851811,0.428700573,0.994085877
0.101661525,3.590246028,-0.184435857,-0.660619837,-0.219343755,1.275152216,-0.611538773,0.769105298
0.333643234,1.348603165,-0.435695234,1.027285256,-0.014102615,0.662802686,0.438773501,1.011461004
-0.384530782,0.43637413,-0.268202353,-0.206257904,-0.305871614,0.988401096,-0.360833299,0.974098563
0.416676816,3.346116166,-0.817967702,-0.684942978,-0.312298023,1.611839633,2.218604312,1.257417386
0.599265824,2.668836044,0.186241363,1.166498388,0.514325261,0.784027204,0.113943234,1.227921962
-0.473246501,0.364554269,0.574328842,1.444110534,-0.14091837,1.131385091,0.392955463,0.952799504
0.073070997,1.130081144,-1.59243756,1.934347809,0.515073579,1.779101078,-1.223194505,1.134576549
-0.291679333,1.634363804,0.068509547,0.366915682,0.441608255,1.018407616,-0.376847977,1.31406512
0.229672094,4.566037019,0.942985502,1.33395281,-0.145405405,0.427189612,0.44659564,0.909908626
-0.471228862,-5.819326363,-0.069455129,0.197304221,0.00409127,1.113533728,0.859953163,1.00653607
0.120321165,1.81364135,0.121278462,1.147329337,-0.266136226,0.705032048,0.662114637,1.155306822
0.060199755,2.846858887,-0.755192109,-0.016868028,-0.56341,1.164184989,0.022362218,1.200279823
0.083277983,-2.965034969,-0.329557544,2.570834175,0.010132065,0.958422511,-0.0181931,1.216580423
0.121636697,2.598347237,0.992217188,0.272463441,-0.343415508,0.93034344,-1.129249903,1.224329405
-0.035939249,3.170580583,1.290819459,1.166243801,0.074952904,1.089294591,0.36269478,0.952752307
0.367204003,0.348272978,-1.168794661,0.687914394,0.055091925,1.341808159,-1.582114457,0.659897231
0.391527315,3.054490345,-0.224943305,1.778176111,-0.623639791,0.239275472,0.32262047,1.062928037
-0.264166401,-1.93736696,0.603334068,0.22433114,-0.102914059,1.0580836,-0.95685562,1.199064727
0.020064558,1.622469841,0.877989615,1.193231162,0.388580577,0.83780122,-0.605405815,0.926444505
-0.172521162,1.496114329,-0.908514678,0.175840883,-0.180476598,0.586223948,0.239357739,0.657343078
-0.299882217,1.516050429,1.157578585,0.287244204,0.014118521,0.540410832,1.247422813,0.737217504
0.051821594,-0.476766692,0.891779272,-0.366935375,0.187291316,0.988143247,-1.191584881,0.866345517
0.148718412,2.351752747,0.691551821,-0.559337557,-0.269010891,0.717711022,0.235596599,1.077951616
0.774240053,4.314609627,0.038606302,-0.585989832,-0.224377386,0.467759424,1.23516736,1.26582611
-0.194973235,-2.754146651,-0.102952962,0.526595803,-0.400304217,0.930852833,-0.77005188,1.228430468
-0.252107678,2.045179318,0.805131116,1.565675939,0.652374591,0.990561636,-0.352262777,1.071365186
0.113553959,-1.64637778,0.244143933,0.854319782,-0.350209147,1.2464208,-1.572228135,1.349345195
-0.030941887,0.408466093,-0.915992551,1.228115585,-0.177178702,1.206752473,-0.282948231,0.833839786
-0.202148327,3.097453658,-0.101099069,-0.357431368,0.436681423,1.230645839,-1.188138218,1.035868314
0.202709013,1.960780981,-1.033176174,2.370928074,0.216823427,0.82989387,0.527352159,1.340487191
0.419542288,1.521816132,0.222616232,-0.183507644,-0.002300309,0.936354754,0.925617368,0.949204087
0.407785436,-0.465059607,0.768359212,3.327619823,0.562393673,1.578554039,-0.180870346,0.993325079
-0.088330361,-1.182329473,1.346326121,0.154263463,0.740552974,1.194631373,-1.739493881,0.70233932
0.625295802,4.593584816,0.497684739,0.546935926,0.923172637,1.294403369,1.257250175,1.634757106
-0.538873634,-3.622293559,-0.233369713,1.683462833,0.507454995,0.973081299,1.067782195,1.127843862
-0.392897033,-3.393849942,-0.158478754,1.399733214,0.632528019,1.24363767,0.337968927,0.953726254
0.159291495,1.501643991,0.394053137,0.46768525,0.697333367,1.047680859,-0.804128917,1.141275644
-0.196513143,1.794795163,0.627561678,1.666646812,-0.409650683,1.066863233,-0.837833733,0.88037797
0.903023047,2.558464345,-0.139412313,1.591527441,-0.929379238,0.699142703,-1.286582591,1.395558116
-0.407573843,-3.065307261,0.89914424,0.439860557,-0.217433093,0.703795859,1.317119501,1.262445398
-0.674514553,-3.897698662,-0.495189118,1.708491239,-0.018041646,1.03569513,-0.393388943,0.718968191
-0.495282279,-0.781446977,0.579948567,2.851895773,0.255186978,0.788372914,-1.443079656,0.849678951
0.338960457,3.523292032,-0.048976219,2.064115445,0.220630673,1.047745076,-0.635946047,0.941652494
0.074300752,2.596429271,1.010008144,1.421405413,0.306964011,1.782594764,0.900666401,1.031902523
0.114794744,-1.288808635,-0.25714326,0.149273984,-0.191822995,1.102022206,0.77158793,1.332217433
-0.429945793,-2.83679337,-0.604766559,0.635213677,0.558390127,1.499269332,0.650666202,0.90738888
0.075129482,2.994556721,1.901303455,1.733745662,-0.045548723,0.537444767,-0.346059866,1.023134697
-0.350137597,-2.431058309,0.337275716,0.367286227,-0.720939879,0.96566315,-0.602254903,0.84851092
0.009524884,3.470864982,0.540818715,1.484030997,0.21095585,1.267100276,0.1361726,1.002611079
0.226344345,-4.723164175,0.211352224,-0.242669592,0.060683481,1.588647387,-0.767433604,0.658994943
-0.098784993,-0.074103798,0.104147747,0.899686165,-0.348354721,1.230949206,-0.469488036,1.302827437
0.108397986,-2.158683816,-0.304172144,0.791870104,0.716642983,0.878235312,-1.969809369,0.840355193
-0.471235624,-0.921873476,-0.972664257,1.76757793,-0.404404645,0.867693394,-0.728103788,0.745092719
-0.437042737,-0.186416554,0.691524665,0.593249259,-0.550523627,0.743438513,-0.777253651,0.892600627
-0.214123927,-0.352445565,-0.401264978,3.004075991,0.144523016,0.817948673,0.389002142,0.631389688
-0.5153552,0.642264758,0.440584807,1.380434548,0.171635293,0.914857311,-0.599056735,1.693478898
-0.485888827,-2.518883449,0.835887986,1.425860034,0.72267165,1.404572476,-0.357888185,0.607265189
0.120531576,1.941444636,-1.33726053,0.118834541,-0.123769543,1.063890281,1.109525385,1.278080489
0.050211554,-2.987060394,-0.814862764,-0.691019757,0.470621387,0.993895952,0.570841441,0.923458176
0.606739417,-1.459078269,-1.17014873,0.046500716,-0.174814436,0.804630345,-1.094939983,1.042099616
0.26436104,0.621550749,-0.148278178,1.32706102,-0.162295095,1.315646882,-1.417882595,1.005547416
-0.01799473,-0.436152954,-0.683986956,0.436505399,0.097751616,0.966573584,0.973400346,0.945792041
-0.386244636,-0.255169519,1.29689816,1.41793909,-0.081357001,0.758088313,-1.815803856,0.746658922
0.000549581,0.698048834,-0.84415928,1.251843683,-0.354471628,1.062985516,-0.472442547,0.954002896
0.164259331,-3.039189536,0.896703706,0.427290122,-0.003715332,0.680117022,1.52297991,1.25997395
-0.141318694,-0.72423069,-1.500082488,0.462677497,0.546157368,1.734438247,0.03801307,0.543411123
-0.352111041,-0.280816669,-0.551358246,0.270004317,-0.0562584,0.794300764,0.056084895,1.20554654
-0.042788368,0.567541183,0.093829178,-0.18944889,-0.328055201,1.251612982,-0.926477674,0.632806364
0.551300149,1.532040466,-0.376452621,0.499302133,0.094239538,1.048234065,-1.179357502,0.534700428
0.163313714,0.480739227,-0.854371882,-0.318058563,-0.129453451,1.091913806,1.706189529,0.971871248
0.169407409,-2.261659968,0.856253184,1.267840801,-0.382456183,1.102266765,-2.02342743,0.550345622
-0.359448079,-0.684032445,0.303161079,0.140693339,-0.016051796,1.174946842,2.320113945,1.010175214
-0.107263489,3.207477325,0.187997735,2.219201878,0.755512734,0.97823443,0.240152617,1.502328051
0.220989752,-1.08286918,-1.777468726,1.135735839,0.873668507,0.960683851,-0.259008281,0.579827907
0.02892247,2.106145652,0.377814534,-0.400676434,0.689801904,0.86449633,-0.251640372,0.870500339
-0.107770709,0.822854248,0.350978646,1.394715339,0.69820093,0.996091058,0.951056101,0.810426017
0.156293948,-0.688324776,-0.101913945,0.461632868,-0.793192052,0.380045496,-0.868260456,1.060192939
-0.048689095,-1.050958748,0.103251374,0.429089258,-0.607321444,0.568587355,-1.777739996,0.909427742
-0.051324839,6.815596963,0.973468243,-0.097018883,-0.596827099,0.339603973,0.621053212,0.870984171
-0.287351024,0.0950557,-0.374698618,1.211572759,-0.423791926,0.719201846,2.362137415,1.490287912
-0.033175118,0.024690994,0.954921383,2.370517825,0.333755751,0.70895475,-0.885375291,1.093384905
-0.325145669,-8.863517585,-0.680050208,2.342665453,-0.099528892,1.361195446,-0.670253162,0.841949004
-0.148046555,1.056649685,0.652238019,0.310369017,-0.224950317,1.1073558,0.131588135,0.705299604
0.072999869,0.67906879,0.109307339,1.804009318,-0.097743257,0.547688951,-0.6438554,0.581104141
0.078627648,4.073183122,0.203158691,1.423098844,-0.099316469,0.695065632,-1.007283247,0.58058889
-0.46138798,-5.824849024,-0.097257914,1.914140544,-0.154884777,0.895404767,0.537665914,1.3045407
-0.590464388,3.295360559,-1.060585625,1.008212815,-0.04273229,0.627737007,1.172499255,0.999345015
-0.29925634,2.67303089,0.388062174,1.385140677,0.133075569,1.101824402,-0.517830107,0.924391405
0.38315762,-0.085717749,-0.494742264,0.952750643,0.084694963,1.062568789,0.120715402,0.941173032
0.282907691,-3.650634863,0.205617165,1.214345892,0.696257398,0.939388291,-0.540333809,0.634660296
-0.260983891,0.221987833,0.442120234,1.014993762,0.544405139,1.248989909,0.12083268,0.880451434
0.650192463,1.945541375,0.629797497,0.798183905,0.287371639,1.006714809,-0.268231013,0.968339654
-0.847880569,0.584411248,1.318645968,1.536552485,0.497220295,1.07611373,1.255691488,0.794617185
0.015971154,1.312918647,0.198057019,0.085865451,-0.511802068,1.171031435,-0.345203714,1.235205812
-0.222185216,-2.187743465,0.27913677,1.797095754,-0.025014137,1.285672628,-1.068701334,0.99393128
-0.04708266,6.199087846,0.624156095,-0.353576848,-1.222746791,0.842719059,0.349384325,0.615227018
0.327972561,-1.547543684,-0.156489779,2.19330409,-0.20854657,0.996558307,-0.040342416,0.70312044
0.380518316,-0.28072654,0.177988901,0.538102239,0.284437291,0.825156538,1.678807431,1.310743053
0.053667579,3.541625049,1.484692487,2.24805109,0.225160423,1.462472137,1.410555146,1.279667453
-0.188391013,-0.001434432,-0.464704462,1.65731881,0.468715769,0.925894924,-0.542031757,0.936680246
-0.128186897,2.22864231,-0.048898874,0.898103674,-0.845132247,0.663690083,-0.28357693,1.185998278
0.001556026,3.13556656,-0.465688329,0.729181015,-0.366923764,1.338410722,-0.458930985,1.207846223
0.260043433,-0.843622627,-0.028115097,1.222628156,0.144763878,1.043760277,-0.207119008,1.159368548
0.013738264,4.109956059,-0.723065196,0.233893078,-0.300199936,0.498666706,-0.151854728,1.225004845
0.198174816,-1.110764621,0.589482143,0.399869206,0.26382384,1.3192134,-0.587419878,1.050207158
0.516047716,0.564964934,0.023517371,-0.496984753,0.40266929,1.181472208,-0.590442538,1.025989119
-0.110735889,1.365329278,0.427232858,1.893596528,0.350121634,1.182374797,0.031148682,0.980333815
0.293129197,0.033227211,-0.47538013,1.340390227,-0.427472747,1.100029552,0.301185718,0.919977205
-0.873706007,-2.872659034,-0.72193594,-0.839348509,0.212084378,0.582443958,-0.005067852,1.26459359
0.385002209,2.092903758,-1.219167653,0.328417664,-0.191624201,1.081978106,-0.232209372,1.161570704
-0.244440817,-1.716245724,1.068954465,1.583173966,-0.124839728,0.840944812,0.665079534,0.994067731
-0.209984258,4.06071574,0.549540704,2.673163321,0.031474477,1.102773962,0.239288859,1.102765481
-0.30108361,-0.200810704,1.190014539,1.59088395,0.88544233,1.641568166,0.875216171,0.82307953
0.293297402,3.161985208,0.227567868,1.277495042,-0.720830561,1.111750926,0.426414003,0.717555895
0.137733383,3.762753037,0.437514756,-0.37780864,0.311398961,0.923746925,0.396312633,0.927274722
-0.243533929,-2.102334122,0.472889521,-0.184681241,-1.027281365,0.672988106,1.761684994,0.941465477
-0.388969293,-0.532919509,1.022960395,3.098369028,-0.574332189,0.78607058,0.948549341,1.121872685
-0.628126633,-1.180058283,0.530040607,0.888941298,-0.48902374,0.386698799,-0.722118408,1.032022678
-0.002693456,5.911074975,0.126836105,2.54256,0.136504633,1.000336772,0.399253461,1.044021908
-0.095550757,-0.807439296,-0.124482878,0.915553926,-0.626373576,1.116553154,1.911685535,1.034020931
0.755595087,3.696998078,-0.871160693,0.684057661,0.109691772,0.883309435,-0.458915674,0.849071648
-0.149714207,2.230949619,1.218992428,1.091601973,0.217229915,0.874522143,-0.982705901,0.954632287
-0.093297043,1.386575974,0.034611009,1.709721803,-0.066736863,0.896825107,-0.444289409,1.170946155
0.666491513,3.615979514,-0.57604441,-1.227833082,0.694350546,0.991638428,-0.870632565,0.935311289
-0.044870064,5.392010943,-0.663972662,1.192565462,0.134399824,0.827433946,-0.639136104,0.662044128
0.105473105,3.645621238,-0.915396016,0.396494564,0.317836018,1.092712446,-0.161219074,1.042922307
-0.359895787,0.344429283,1.38384541,1.875133999,0.801328661,1.482520541,-0.65597629,0.989363559
0.052503183,0.545379865,0.103086102,3.372777062,-1.084864418,0.911376774,0.564793481,0.955782976
0.014245552,-0.112265743,-0.235498409,0.983573156,0.564065616,1.359028699,0.709489765,0.859304539
-0.276675183,-2.369143317,-0.60815243,0.845088555,-0.042758423,0.705847574,-0.248416455,0.870370698
-0.204056954,2.655633147,0.817349902,0.776607407,-0.126973911,0.911951898,0.618142229,0.868814982
0.09600319,0.028968155,0.839181421,0.080067737,-0.36126383,0.061516513,0.202810213,1.341237652
-0.361352919,2.85050759,0.626096678,1.706431116,1.199613631,1.229828654,-0.995444161,0.798522923
-0.545403041,4.098661222,0.328109188,1.063909356,0.084764641,0.50973129,-0.82199286,0.998241006
0.155834074,1.943093234,2.029651072,1.757283915,-0.854405931,1.245586276,0.063054634,0.936589793
-0.293538075,2.036776387,-0.209557461,0.963819884,0.066369833,1.019947565,1.061245061,1.480710625
0.25380245,-1.361499639,0.995716026,1.685972596,0.214826696,1.472695895,0.256349797,1.111645969
0.20977409,0.409923921,-0.028847349,3.410820501,0.243068066,0.480957281,-1.295347605,1.182423813
0.2397513,2.032437629,0.499362814,2.945814357,0.407226751,1.165072727,-1.056621945,1.028516601
0.209819537,2.463478708,-1.563944409,2.193949193,-0.848286914,0.835250725,-0.590278412,0.918345673
-0.325661018,0.730020228,-1.137002884,-0.012717064,0.97414172,1.217093439,-0.382432621,1.00300129
-0.138895501,4.071782898,-0.15739773,1.581708026,0.050812634,1.159191875,0.110030101,1.075617843
0.089358388,0.654998426,-0.731642326,-0.35509203,-0.200135321,0.787307752,-0.196018139,0.808966431
0.207836313,1.081892739,-0.174239104,2.070271852,-0.542645447,0.209211591,0.368894624,1.088304434
0.314866353,-0.410698241,1.271560099,2.831902121,0.1913573,0.256667304,0.145292146,0.797431759
-0.043212336,-0.254475203,-0.424461132,0.011444167,0.180241354,0.991527371,-1.50629434,0.672597529
-0.132356789,0.24792825,-0.398570026,-0.221685913,-0.122866229,0.975408438,0.020837161,0.904275469
-0.035934498,5.198101567,0.392809631,2.655794592,0.081604136,1.691129055,-0.562647237,1.021749621
0.496440134,6.50106234,0.822019786,2.695037798,-0.509992261,1.388093577,-1.117739012,0.912516899
0.170908527,1.911196568,-1.288460583,1.945428476,-0.009315257,0.519581439,-2.022851693,0.584611737
0.086982144,3.594803587,-0.864306769,0.877966645,0.159493122,0.675485924,0.759113324,0.847522423
-0.437580405,0.46003681,0.225131782,2.105872377,-0.69068519,0.740312342,0.536343955,1.210684263
-0.297458586,3.020762465,-0.491815292,1.473614561,0.160953123,0.679633096,0.228300209,0.924941931
0.127131319,-0.385113448,-0.626768145,1.233812169,-0.676959167,0.958086779,-0.909242058,0.903003332
0.297002379,-0.590463453,0.308639013,2.136916589,-0.163068696,1.631018849,0.134123736,0.875816545
0.251645823,-2.880858007,1.269300473,0.651881087,0.446461275,1.285602227,1.026733711,1.005425861
0.000555662,1.87529635,-0.182984179,-1.11128619,-0.456581807,1.276467674,-0.906320084,0.431531724
0.033005867,2.3907761,0.271203143,0.080769063,0.543025103,1.623737465,-0.208599263,0.850224922
1.084590102,5.354075364,-0.371751288,0.445860878,-0.301225814,1.794907239,-1.724281464,0.491272086
-0.343977967,-0.262092904,-0.946890344,-0.726908444,-1.184358557,0.729848805,0.044712101,1.171078508
-0.663624418,-3.780724454,-0.320396892,0.85082979,-0.288238022,0.904123999,1.976153856,1.191767812
-0.533431298,-5.439373976,-0.423526159,0.793793124,-0.317056321,0.773286943,-0.455878557,0.857216289
-0.757116156,0.856333866,-0.714198217,0.682079625,0.086696663,1.039022208,-0.808127057,0.936830569
-0.149389958,-0.308640876,0.162253602,0.831510848,-0.263677057,1.285358404,-0.906050125,0.914805982
0.3880751,-3.089859123,-0.08905325,0.721800647,-0.165800937,0.880839023,0.058044471,1.291255565
-0.428345969,0.793342807,0.385627937,0.053301298,-0.520247249,0.389983594,0.794050137,1.373060691
-0.194720468,2.754304649,-0.43655849,0.107295913,-0.298431423,0.785133857,-1.0543276,0.769397028
-0.381082759,1.538546433,0.240387461,0.69972152,-0.268298739,0.306200566,0.194810801,1.157491534
0.067927346,2.060052991,0.141845469,1.08858594,0.495962144,1.540056382,-0.716395571,0.634733373
0.073122203,4.253025113,0.612778793,0.324374637,0.168415412,1.630771587,0.486567091,0.863006177
-0.040509412,2.807017283,-0.445115262,0.911756931,0.383410794,1.256232024,-1.00352283,0.924127765
-0.554491392,1.11145014,-0.76311888,0.795261852,-0.332258062,0.751699162,1.425071433,1.3460784
-0.363691741,1.417906406,-0.133264003,1.834940025,-0.743852196,0.988239142,1.208075614,0.823168353
0.282977149,5.351478762,0.359917981,1.999925013,1.071298356,1.501223477,0.144004911,0.75543889
-0.04757963,-0.679362006,0.490307263,1.116713009,-0.33369038,0.661357932,-1.125220718,0.649278433
0.120876398,-0.308580049,-0.413365204,1.115312335,0.852729158,1.147944473,1.091574382,0.92868785
-0.179955042,2.583859932,-0.63275258,-0.011123722,-0.244198772,1.046190264,-0.606971181,0.700995343
0.181676443,3.507178295,0.372127105,0.837568296,0.369528054,0.9944047,-0.109013778,0.760112666
0.297781402,-0.145386034,-0.354868468,0.939230013,-0.079898362,1.076631235,-1.25390767,0.979185762
-0.084988704,-0.34221425,0.015996058,1.674546357,0.041571161,1.443642784,0.233925029,0.633960943
-0.136845394,0.471023905,0.434431973,-0.04311247,-0.025665195,0.851198849,1.103503278,1.135468351
0.395429968,1.166770587,0.015570073,-0.322643973,0.177615321,1.246382313,-0.93280496,0.348510284
0.273236768,-0.75098294,0.834733238,1.053101273,-0.572529924,0.810209123,-0.24990816,0.863063261
-0.291176838,-0.883413096,0.13405013,1.648391194,0.002584055,1.296641237,0.385278466,0.899678513
-0.099609753,3.474469435,-0.705673083,-0.159461252,0.293728661,1.309908594,-0.230884279,0.66351319
-0.029571326,5.246247783,1.107316792,1.015577286,-0.351474816,1.163086901,-0.099366528,1.056431067
-0.198591652,-0.761038246,1.98481788,1.218877449,0.331684997,1.480751781,0.340235018,0.878621455
-0.084166188,1.667198214,0.114899801,0.832965855,0.258779177,0.99533957,0.534880557,0.960562923
0.160748727,6.491703724,-1.211008043,1.373887458,0.363943033,1.018339727,-0.996983785,0.548206264
-0.118276754,1.810943662,-0.705619976,0.580014515,0.547971913,0.699709468,0.498015764,1.06141839
-0.039165097,-1.769296817,-0.250237425,0.313211595,0.245710663,1.520631849,0.218738517,0.941609535
0.036447377,2.729835896,0.347734351,3.846388144,0.615733474,1.364357939,0.101540089,0.910781328
-0.104202029,1.228141898,-0.250218805,1.747029884,-0.476549677,1.310706504,-0.243300377,0.732960096
-0.586081129,-0.383618314,-0.132906832,0.31343595,-0.046923013,0.937414445,-1.76833326,0.715292569
-0.38797478,5.259526437,1.15421131,0.962578123,0.409166614,1.043528254,0.197522879,1.063972255
-0.28983887,0.119273181,0.351400088,1.396891169,-0.599334389,1.049308797,-0.396937173,1.263776776
0.428338439,0.337061601,0.281235593,0.450107112,0.564494073,0.725315827,0.110785477,1.027205103
-0.624875737,0.312328084,0.145938672,-0.106477764,0.942006765,0.693911445,0.877543078,1.106713677
1.003820896,3.767509582,0.205494905,0.96678487,0.293799359,0.494862669,-1.599834924,1.074771776
0.287558473,-2.294159242,-1.309055214,1.183683458,-0.103641298,0.971449202,-0.761484091,0.322052198
0.255949853,1.316559882,-0.760170339,-0.044471754,-0.186768449,0.664301468,-1.067974787,0.525450715
0.570262248,4.675151986,-0.338284507,1.849173691,-0.277608893,1.101367233,0.69481495,1.429766801
-0.263378441,1.657550841,1.508981684,2.304970821,0.243534284,1.467565786,0.198287894,1.042657494
0.242848998,-1.690746836,-0.281755117,0.869408051,0.008143547,1.303816699,-1.282959486,0.829639654
0.42375575,6.756545516,-0.209675892,2.893981562,0.895884632,1.692449985,-0.140096174,1.357204423
0.159841536,-4.622363644,-0.914039107,0.382162054,0.1988757,1.047923029,-1.662605023,0.781829891
0.086736685,2.064973437,1.354270131,1.595319084,0.039517009,1.227075933,0.071143651,0.779828813
-0.227542567,0.282149009,0.064754286,1.300371056,0.076549677,0.925318424,0.772232343,1.178570513
0.077366045,1.804031602,0.060986956,0.815828178,0.837232266,1.322927769,-1.044042477,1.369334488
-0.17470942,-1.385959746,0.389123073,1.660403139,-0.456880323,0.97020538,1.139160668,0.823519061
0.112259656,1.121594726,-0.204750443,1.785481145,-0.128491606,0.530115475,0.338726183,1.018970054
0.296841102,2.356696819,-0.81145786,1.058189804,0.158706219,0.940670878,-1.37666875,0.752842775
0.361382448,-0.017935519,-0.417037722,0.917445418,0.295216604,1.136757702,0.938871845,1.17173087
0.084031747,-0.689467472,0.136396101,1.30877615,-0.212515967,1.183673538,0.53960778,0.876935061
-0.142357218,-1.09356694,0.284594158,0.396911707,-0.453431719,1.248623534,-1.132606375,0.888414022
0.334877422,3.488893573,-0.308594724,-0.622155474,-0.412190338,0.84347815,0.434687858,1.304607848
0.203333857,5.76926634,0.792710803,2.977547035,-0.461259233,1.175670816,-0.184118009,1.103721719
0.462678576,2.705353252,0.335402372,1.500176101,-0.107563727,0.912868432,2.373458008,1.361672548
0.102548305,2.741579158,0.061023121,2.696371506,-0.729232478,1.273181574,-0.531659907,1.046272471
-0.075505195,2.405225026,0.653693755,1.144751972,-0.4467461,0.605971961,1.143485613,0.994439926
-0.484081049,-2.235077933,0.089341262,2.370927701,-0.138428562,1.032088654,-0.379675435,0.982446506
-0.133815288,-0.296470704,-0.254175206,1.293264038,0.357185974,1.681755421,1.783628736,1.056281902
0.36324919,-0.974376777,0.079168319,1.541942292,-0.647195859,1.350017648,-1.013743751,0.820126395
0.098684661,3.402745645,-0.807305977,0.348283925,-0.664360421,1.101880717,0.027667094,0.825243489
-0.247261814,-1.761166015,0.369257124,0.599948746,-0.431562006,0.799927898,0.260181525,1.264994071
-0.28895637,4.547671024,0.589507475,0.707282453,0.570718934,0.820998693,1.226211721,0.953319229
-0.56594381,-0.637277135,-1.021366332,1.130074615,-0.021523771,1.094432434,1.466217456,1.166827735
-0.200689241,0.812741198,-0.239715721,0.613106063,-0.03518099,0.299379606,-1.236680985,0.89094666
0.843557255,0.882600877,0.889411729,2.188179083,-0.153202747,0.951025431,-1.189876788,1.204924584
-0.237950915,-2.849224788,-0.436651573,0.236634827,0.998582828,1.484547567,0.118892492,1.165985466
0.051850197,1.626063563,-0.122255065,1.398574091,-0.185504332,0.86232013,-0.631315557,0.844879897
0.179602998,0.849416827,0.244989101,1.961103819,0.493478563,0.855428958,0.213871866,1.042035128
0.065820924,3.03074993,0.863334257,1.140580347,-0.190742434,0.900663178,0.241949036,1.073200671
-0.194534597,-1.977914602,0.403740008,1.66790726,-0.139322882,1.437433552,0.219875504,1.072892983
0.510143794,-1.032027685,0.799666197,1.156954517,-0.460856027,1.101918725,0.737284993,1.03477728
-0.471023595,2.779646546,-0.178144031,0.457758224,-0.349153515,1.133413528,0.371082561,1.209821277
0.251007164,1.201203241,0.310635752,1.338263632,0.021963202,1.063615393,-1.662097514,0.896479068
-0.520309604,-0.857874597,0.40346261,1.931769779,-0.142683643,0.547829863,-0.990671019,1.056850527
-0.206271632,-1.317506294,-1.432495068,1.595498577,0.175414287,0.78025186,-1.957933345,0.944865699
0.059437285,0.470119264,-0.752701613,0.605453978,0.888723609,0.604281434,-0.024963265,1.055616144
0.014435227,1.142604739,1.251085463,0.877779388,0.03279556,0.724700155,0.704711361,0.828216059
-0.132441141,-1.172574318,-0.272056461,1.92755666,-0.353361254,1.478034221,-2.220582514,1.058872976
-0.237678027,-1.000321871,-0.810917147,0.040444302,-0.609078935,0.775487895,-0.178372713,0.815016782
-0.207364993,1.621535517,-0.949109314,2.234106488,-0.032636771,0.594037863,-0.306443283,0.905071746
-0.460330785,-1.353981469,0.542376068,0.452524848,-0.671992728,1.202762989,-1.942341184,1.131241341
0.524028301,0.107447003,-0.591781737,-0.326106674,-0.666921238,0.99439355,-0.748673825,1.008868881
0.256652941,2.843286976,-0.815944257,1.368519692,0.841526668,1.16564422,-0.891364916,0.840930401
-0.168113009,-1.180712724,0.229971659,1.353012983,0.197213936,0.670754588,-0.169139984,0.996476645
-0.206558143,-2.768663517,-0.637051954,1.245685712,0.067771241,0.875072373,0.063235567,1.028157816
-0.407142703,-0.119783153,-0.514884601,1.419256402,0.352339089,0.247371518,0.353304442,0.923762257
-0.384211156,1.139035921,0.664378563,0.727245997,-0.237714076,0.711777818,0.688211751,0.973677557
0.233212723,4.189426517,-0.533012941,0.653447509,-0.254632519,1.096473607,-0.500150316,0.863485164
0.025823123,-1.911340417,-1.009351917,0.68882098,0.08114859,1.002897681,-0.777694605,0.842213382
0.32945183,-0.093186318,0.891947863,1.323245648,0.336050502,1.125549329,1.445911206,1.212128377
0.100916242,-1.409006122,-0.290589656,1.753412724,-0.042018013,1.052908835,-1.108854008,1.08739645
-0.598978372,-0.945233049,0.173497924,1.95258162,0.73427286,1.286764851,-0.342533895,1.378700409
0.103481271,0.290117122,-0.347168667,1.945553811,0.415861243,0.891856795,-0.378302213,0.896081243
-0.191475279,-0.113705109,-1.17713483,0.83367438,-1.087252482,1.159688795,0.409820311,0.990544722
-0.093060251,-0.743698584,-1.146220897,1.0008419,0.088270584,1.38568642,-0.152957628,1.024549844
0.240842943,0.597925074,1.226997281,2.955444533,0.041482883,1.368481374,-0.70331178,0.835817737
0.566949572,2.288413307,0.089637309,1.334586878,0.121128533,0.448297656,2.543904405,1.219588245
0.470782354,4.512224215,0.105474293,1.39685833,0.045902525,1.229436065,1.734407848,1.249863326
-0.215015606,0.445241696,0.801058724,0.363324373,0.382652665,1.144763842,0.862485053,1.23992365
0.549997045,0.866532347,0.493303484,0.3881553,-0.003146224,1.107018913,0.19370843,1.01728949
-0.171241648,-1.050841895,1.208910575,0.730841377,0.59772634,0.727286639,1.331298625,1.164094505
0.235516593,-3.612779969,0.531110406,0.275419834,0.176290725,0.998363424,-0.236193294,0.717489095
-0.035397845,4.499064273,-0.008777097,-0.48885926,0.216121307,0.540465531,-0.057444307,0.966218289
-0.681371651,-1.603321474,0.069140384,1.34101861,-0.081515231,1.312008664,-1.038310649,1.058658318
-0.367821754,0.154035338,-1.080941717,-0.480490863,0.007572224,0.823331306,1.112746204,0.853693159
0.00472477,-2.815767487,1.284994326,3.417884176,0.543363924,1.475287362,0.680452132,0.835283056
0.421463215,8.166024498,-0.281151132,0.774326633,-0.221859048,0.863429502,0.303473505,1.187657764
-0.06759803,0.156078453,0.54601384,1.06607079,0.275477115,1.330397901,-0.93694189,0.989751551
-0.243025367,-2.967940623,-0.132760381,0.186239928,0.066562621,1.349451467,1.351822644,1.321741207
0.020103349,4.183265658,-0.390690029,0.891695429,0.035784042,0.701674894,-2.018650705,0.663444806
0.1435413,1.520591051,0.026507549,0.05450457,-0.369249508,1.019517494,0.264751404,0.943527172
0.085026788,-2.557819848,-0.531519966,0.265679448,0.070175812,1.084805368,1.47784552,1.04777559
0.042262345,-0.666913129,-0.556885131,0.377813249,-0.268864986,0.83669217,0.227836386,0.880083839
-0.061911804,1.833291012,-0.604573508,0.704509226,-0.047731585,0.648633677,-3.36461294,0.524600914
0.339040375,-0.401789349,-0.024304872,0.662841271,-1.308339687,0.517312843,0.384564294,1.260157346
-0.219724378,2.064896253,0.422211423,0.884838144,-0.129215458,0.99452913,-0.446521454,0.654431753
-0.162252364,-1.900063237,0.729118585,2.083120469,-0.071132064,1.477917331,-0.683068472,1.090934777
-0.18160017,-0.628404031,1.316612585,1.440276516,0.459995804,0.899585091,0.069907687,0.90035062
-0.034770052,-1.391362231,-0.26066934,1.561998387,0.116184386,1.334552962,0.045293417,1.017660723
-0.165557119,-1.336530176,0.799661358,2.507808978,1.08207508,1.436316573,-0.117061537,1.006899551
0.082599773,3.598847919,0.210395592,0.64437663,-0.245158305,0.757229531,-0.627965007,1.006683555
0.003629229,0.711519987,0.177484909,1.718539153,0.306714536,1.522222474,0.007346772,0.762037999
0.258789649,-3.406523478,1.080429682,1.44910687,0.083537672,0.926503236,0.134996188,0.672151172
0.30710382,2.564912997,-0.27795631,0.414060012,-0.444417059,1.214357674,-1.509587108,0.611247653
0.137231088,1.148532116,1.492621083,0.775027093,-0.34363466,1.153454252,-0.632100161,0.591680754
-0.385372979,-0.486844471,-0.073783725,0.902075952,-0.166953468,0.842239337,0.271507128,1.145494574
0.348336384,2.161925249,0.428671699,1.229622163,-0.273288947,1.095838356,-0.370332755,1.127797512
0.265670365,-3.030520185,0.247798147,-1.465082863,0.494165608,0.957482828,-0.384307662,1.381517245
-0.196496683,0.43335778,-0.308894103,1.501183668,0.298697792,1.558931311,1.962680806,1.237421132
-0.328161879,3.949235161,-0.261918237,2.395592436,0.556253717,0.713116626,0.431361924,0.924376361
-0.376686198,-1.729103383,0.287850716,1.239274636,-0.17079231,0.47431168,0.410909134,0.865458119
0.134966571,2.455457342,0.211828812,1.035283497,0.05549043,1.522319723,-0.048385245,1.177988279
0.690539954,2.29761432,-1.503377261,0.789672479,0.480930529,0.888082094,1.139631395,1.112679578
0.276933679,0.470860409,-0.175908622,1.18935309,0.071123535,1.162293069,0.266466384,0.75397821
0.084983599,-0.410464323,-0.10330225,1.839331106,-0.300168942,1.209907991,0.618350814,1.601089423
-0.676220152,-2.536067103,-0.934016301,-1.278804993,0.066947418,1.12660616,-0.224010035,0.872080263
-0.681429894,0.7001122,-0.388390722,-0.07136116,0.028311607,1.236167195,-1.977919595,0.661041115
0.469028995,5.232732065,0.275421582,1.252366539,-0.125093778,0.967760988,0.991346369,1.354145563
-0.187467944,2.124860207,0.857239332,1.753596324,0.800075485,1.420915615,1.369490726,1.19777568
-0.320762033,2.639341091,0.018404069,0.110138216,-0.131911918,0.909321401,-0.679372702,1.027852923
-0.161924607,-1.471407652,-0.271065357,0.54480418,0.10432126,1.006199709,-0.034832677,1.105147484
